drug;porn;money;it;unortodox_chars;flattery;miscellaneous
drug;porn;$;.net;в;Fantastic;
pharmacy;herpes;bitcoin;asus;и;The best;
cialis;boner;cryptocurrency;bit.ly;их;Perfect;
drugshop;cunt;earnings;smartphone;как;Unbelievable;
abilify;dating;forex;world wide web;не;Wonderful;
accutane;fuck;loan;CPU;о;You will not believe your eyes!;
acyclovir;h0rny;Potential earnings;gigabyte;при;;
albendazole;hoes;Eliminate debt;CMS;со;;
alcoholic;hookup;Financial independence;php;что;;
amoxicillin;horny;Increase revenue;ranking;;;
amoxil;naked;Be your own boss;seo;;;
antabuse;nude;Double your income;vps;;;
aralen;p0rn;100% off;webhosting;;;
atarax;penetration;Allowance;webmaster;;;
augmentin;porn;Gift included;webpage;;;
azithromycin;porno;Rebate;backlink;;;
baclofen;sex;0 down;robot;;;
cbd;sexual;argent;ranking;;;
cephalexin;sexy;financier;keyword;;;
chloroquine;virginity;financiere;keywords;;;
chloroquin;webcam;money;;;;
cialis;xxx;crypto;;;;
cipro;;;;;;
citalopram;;;;;;
diclofenac;;;;;;
diflucan;;;;;;
doxycycline;;;;;;
finasteride;;;;;;
finpecia;;;;;;
fluconazole;;;;;;
furosemide;;;;;;
gefahren;;;;;;
glucophage;;;;;;
hydroxychloroquine;;;;;;
impotence;;;;;;
indocin;;;;;;
investointi;;;;;;
kamagra;;;;;;
kannabiksen;;;;;;
kypsyy;;;;;;
lasix;;;;;;
levitra;;;;;;
levitra;;;;;;
lexapro;;;;;;
lipitor;;;;;;
meth;;;;;;
methotrexate;;;;;;
medrol;;;;;;
nasopharynx;;;;;;
neurontin;;;;;;
nolvadex;;;;;;
pharmacies;;;;;;
phenergan;;;;;;
plaquenil;;;;;;
progesterone;;;;;;
propranolol;;;;;;
prozac;;;;;;
rehab;;;;;;
sildenafil;;;;;;
silldalis;;;;;;
sterapred;;;;;;
suhagra;;;;;;
sulfate;;;;;;
tadacip;;;;;;
tadalafil;;;;;;
tadalis;;;;;;
teollisuudelle;;;;;;
toreador;;;;;;
tretinoin;;;;;;
valtrex;;;;;;
vermox;;;;;;
viagra;;;;;;
wellbutrin;;;;;;
xalanta;;;;;;
xenical;;;;;;
zithromax;;;;;;
zoloft;;;;;;
